{
  "ng": {
    "visa-free" : 
    [
      {
          "name": "Barbados",
          "iso": "BB"
      },
      {
          "name": "Benin",
          "iso": "BJ"
      },
      {
          "name": "Burkina Faso",
          "iso": "BF"
      },
      {
          "name": "Cameroon",
          "iso": "CM"
      },
      {
          "name": "Cape Verde",
          "iso": "CV"
      },
      {
          "name": "Chad",
          "iso": "TD"
      },
      {
          "name": "Cook Islands",
          "iso": "CK"
      },
      {
          "name": "Ivory Coast",
          "iso": "CI"
      },
      {
          "name": "Dominica",
          "iso": "DM"
      },
      {
          "name": "Fiji",
          "iso": "FJ"
      },
      {
          "name": "Gambia",
          "iso": "GM"
      },
      {
          "name": "Ghana",
          "iso": "GH"
      },
      {
          "name": "Guinea",
          "iso": "GN"
      },
      {
          "name": "Guinea-Bissau",
          "iso": "GW"
      },
      {
          "name": "Haiti",
          "iso": "HT"
      },
      {
          "name": "Kiribati",
          "iso": "KI"
      },
      {
          "name": "Liberia",
          "iso": "LR"
      },
      {
          "name": "Mali",
          "iso": "ML"
      },
      {
          "name": "Micronesia",
          "iso": "FM"
      },
      {
          "name": "Montserrat",
          "iso": "MS"
      },
      {
          "name": "Niger",
          "iso": "NE"
      },
      {
          "name": "Rwanda",
          "iso": "RW"
      },
      {
          "name": "Saint Kitts and Nevis",
          "iso": "KN"
      },
      {
          "name": "Senegal",
          "iso": "SN"
      },
      {
          "name": "Sierra Leone",
          "iso": "SL"
      },
      {
          "name": "Togo",
          "iso": "TG"
      },
      {
          "name": "Vanuatu",
          "iso": "VU"
      }
    ],

    "visa-on-arrival" : 
    [
        {
            "name": "Bolivia",
            "iso": "BO"
        },
        {
            "name": "Burundi",
            "iso": "BI"
        },
        {
            "name": "Cambodia",
            "iso": "KH"
        },
        {
            "name": "Comoros",
            "iso": "KM"
        },
        {
            "name": "Lebanon",
            "iso": "LB"
        },
        {
            "name": "Madagascar",
            "iso": "MG"
        },
        {
            "name": "Maldives",
            "iso": "MV"
        },
        {
            "name": "Mauritania",
            "iso": "MR"
        },
        {
            "name": "Mauritius",
            "iso": "MU"
        },
        {
            "name": "Mozambique",
            "iso": "MZ"
        },
        {
            "name": "Niue",
            "iso": "NU"
        },
        {
            "name": "Palau",
            "iso": "PW"
        },
        {
            "name": "Samoa",
            "iso": "WS"
        },
        {
            "name": "Seychelles",
            "iso": "SC"
        },
        {
            "name": "Somalia",
            "iso": "SO"
        },
        {
            "name": "Timor-Leste",
            "iso": "TL"
        },
        {
            "name": "Tuvalu",
            "iso": "TV"
        }
    ],

    "electronic-travel-authorization" : 
    [
        {
            "name": "Kenya",
            "iso": "KE"
        },
        {
            "name": "Sri Lanka",
            "iso": "LK"
        }
    ],

    "visa-online" :
    [
        
        {
            "name": "Albania",
            "iso": "AL"
        },
        {
            "name": "Antigua and Barbuda",
            "iso": "AG"
        },
        {
            "name": "Australia",
            "iso": "AU"
        },
        {
            "name": "Bahamas",
            "iso": "BS"
        },
        {
            "name": "Bahrain",
            "iso": "BH"
        },
        {
            "name": "Bhutan",
            "iso": "BT"
        },
        {
            "name": "Botswana",
            "iso": "BW"
        },
        {
            "name": "Colombia",
            "iso": "CO"
        },
        {
            "name": "Congo",
            "iso": "CG"
        },
        {
            "name": "Djibouti",
            "iso": "DJ"
        },
        {
            "name": "Ecuador",
            "iso": "EC"
        },
        {
            "name": "Equatorial Guinea",
            "iso": "GQ"
        },
        {
            "name": "Ethiopia",
            "iso": "ET"
        },
        {
            "name": "Gabon",
            "iso": "GA"
        },
        {
            "name": "Georgia",
            "iso": "GE"
        },
        {
            "name": "Iran",
            "iso": "IR"
        },
        {
            "name": "Kazakhstan",
            "iso": "KZ"
        },
        {
            "name": "Kyrgyzstan",
            "iso": "KG"
        },
        {
            "name": "Lesotho",
            "iso": "LS"
        },
        {
            "name": "Malawi",
            "iso": "MW"
        },
        {
            "name": "Malaysia",
            "iso": "MY"
        },
        {
            "name": "Moldova",
            "iso": "MD"
        },
        {
            "name": "Oman",
            "iso": "OM"
        },
        {
            "name": "Pakistan",
            "iso": "PK"
        },
        {
            "name": "Sao Tome and Principe",
            "iso": "ST"
        },
        {
            "name": "Singapore",
            "iso": "SG"
        },
        {
            "name": "South Africa",
            "iso": "ZA"
        },
        {
            "name": "South Sudan",
            "iso": "SS"
        },
        {
            "name": "St. Helena",
            "iso": "SH"
        },
        {
            "name": "Suriname",
            "iso": "SR"
        },
        {
            "name": "Tanzania",
            "iso": "TZ"
        },
        {
            "name": "Uganda",
            "iso": "UG"
        },
        {
            "name": "United Arab Emirates",
            "iso": "AE"
        },
        {
            "name": "Uzbekistan",
            "iso": "UZ"
        },
        {
            "name": "Vietnam",
            "iso": "VN"
        },
        {
            "name": "Zambia",
            "iso": "ZM"
        },
        {
            "name": "Zimbabwe",
            "iso": "ZW"
        }

    ],

    "visa-required" :
    [
        {
            "name": "Afghanistan",
            "iso": "AF"
        },
        {
            "name": "Algeria",
            "iso": "DZ"
        },
        {
            "name": "American Samoa",
            "iso": "AS"
        },
        {
            "name": "Andorra",
            "iso": "AD"
        },
        {
            "name": "Angola",
            "iso": "AO"
        },
        {
            "name": "Anguilla",
            "iso": "AI"
        },
        {
            "name": "Argentina",
            "iso": "AR"
        },
        {
            "name": "Armenia",
            "iso": "AM"
        },
        {
            "name": "Aruba",
            "iso": "AW"
        },
        {
            "name": "Austria",
            "iso": "AT"
        },
        {
            "name": "Azerbaijan",
            "iso": "AZ"
        },
        {
            "name": "Bangladesh",
            "iso": "BD"
        },
        {
            "name": "Belarus",
            "iso": "BY"
        },
        {
            "name": "Belgium",
            "iso": "BE"
        },
        {
            "name": "Belize",
            "iso": "BZ"
        },
        {
            "name": "Bermuda",
            "iso": "BM"
        },
        {
            "name": "Bonaire, St. Eustatius and Saba",
            "iso": "BQ"
        },
        {
            "name": "Bosnia and Herzegovina",
            "iso": "BA"
        },
        {
            "name": "Brazil",
            "iso": "BR"
        },
        {
            "name": "British Virgin Islands",
            "iso": "VG"
        },
        {
            "name": "Brunei",
            "iso": "BN"
        },
        {
            "name": "Bulgaria",
            "iso": "BG"
        },
        {
            "name": "Canada",
            "iso": "CA"
        },
        {
            "name": "Cayman Islands",
            "iso": "KY"
        },
        {
            "name": "Central African Republic",
            "iso": "CF"
        },
        {
            "name": "Chile",
            "iso": "CL"
        },
        {
            "name": "China",
            "iso": "CN"
        },
        {
            "name": "Congo",
            "iso": "CG"
        },
        {
            "name": "Costa Rica",
            "iso": "CR"
        },
        {
            "name": "Croatia",
            "iso": "HR"
        },
        {
            "name": "Cuba",
            "iso": "CU"
        },
        {
            "name": "Curacao",
            "iso": "CW"
        },
        {
            "name": "Cyprus",
            "iso": "CY"
        },
        {
            "name": "Czech Republic",
            "iso": "CZ"
        },
        {
            "name": "Denmark",
            "iso": "DK"
        },
        {
            "name": "Dominican Republic",
            "iso": "DO"
        },
        {
            "name": "Egypt",
            "iso": "EG"
        },
        {
            "name": "El Salvador",
            "iso": "SV"
        },
        {
            "name": "Eritrea",
            "iso": "ER"
        },
        {
            "name": "Estonia",
            "iso": "EE"
        },
        {
            "name": "Eswatini",
            "iso": "SZ"
        },
        {
            "name": "Falkland Islands",
            "iso": "FK"
        },
        {
            "name": "Faroe Islands",
            "iso": "FO"
        },
        {
            "name": "Finland",
            "iso": "FI"
        },
        {
            "name": "France",
            "iso": "FR"
        },
        {
            "name": "French Guiana",
            "iso": "GF"
        },
        {
            "name": "French Polynesia",
            "iso": "PF"
        },
        {
            "name": "French West Indies",
            "iso": "TF"
        },
        {
            "name": "Germany",
            "iso": "DE"
        },
        {
            "name": "Gibraltar",
            "iso": "GI"
        },
        {
            "name": "Greece",
            "iso": "GR"
        },
        {
            "name": "Greenland",
            "iso": "GL"
        },
        {
            "name": "Grenada",
            "iso": "GD"
        },
        {
            "name": "Guam",
            "iso": "GU"
        },
        {
            "name": "Guatemala",
            "iso": "GT"
        },
        {
            "name": "Guyana",
            "iso": "GY"
        },
        {
            "name": "Honduras",
            "iso": "HN"
        },
        {
            "name": "Hong Kong",
            "iso": "HK"
        },
        {
            "name": "Hungary",
            "iso": "HU"
        },
        {
            "name": "Iceland",
            "iso": "IS"
        },
        {
            "name": "India",
            "iso": "IN"
        },
        {
            "name": "Indonesia",
            "iso": "ID"
        },
        {
            "name": "Iraq",
            "iso": "IQ"
        },
        {
            "name": "Ireland",
            "iso": "IE"
        },
        {
            "name": "Israel",
            "iso": "IL"
        },
        {
            "name": "Italy",
            "iso": "IT"
        },
        {
            "name": "Jamaica",
            "iso": "JM"
        },
        {
            "name": "Japan",
            "iso": "JP"
        },
        {
            "name": "Jordan",
            "iso": "JO"
        },
        {
            "name": "Kosovo",
            "iso": "XK"
        },
        {
            "name": "Kuwait",
            "iso": "KW"
        },
        {
            "name": "Laos",
            "iso": "LA"
        },
        {
            "name": "Latvia",
            "iso": "LV"
        },
        {
            "name": "Libya",
            "iso": "LY"
        },
        {
            "name": "Liechtenstein",
            "iso": "LI"
        },
        {
            "name": "Lithuania",
            "iso": "LT"
        },
        {
            "name": "Luxembourg",
            "iso": "LU"
        },
        {
            "name": "Macao",
            "iso": "MO"
        },
        {
            "name": "Malta",
            "iso": "MT"
        },
        {
            "name": "Marshall Islands",
            "iso": "MH"
        },
        {
            "name": "Mayotte",
            "iso": "YT"
        },
        {
            "name": "Mexico",
            "iso": "MX"
        },
        {
            "name": "Monaco",
            "iso": "MC"
        },
        {
            "name": "Mongolia",
            "iso": "MN"
        },
        {
            "name": "Montenegro",
            "iso": "ME"
        },
        {
            "name": "Morocco",
            "iso": "MA"
        },
        {
            "name": "Myanmar",
            "iso": "MM"
        },
        {
            "name": "Namibia",
            "iso": "NA"
        },
        {
            "name": "Nauru",
            "iso": "NR"
        },
        {
            "name": "Nepal",
            "iso": "NP"
        },
        {
            "name": "Netherlands",
            "iso": "NL"
        },
        {
            "name": "New Caledonia",
            "iso": "NC"
        },
        {
            "name": "New Zealand",
            "iso": "NZ"
        },
        {
            "name": "Nicaragua",
            "iso": "NI"
        },
        {
            "name": "Norfolk Island",
            "iso": "NF"
        },
        {
            "name": "North Korea",
            "iso": "KP"
        },
        {
            "name": "North Macedonia",
            "iso": "MK"
        },
        {
            "name": "Northern Mariana Islands",
            "iso": "MP"
        },
        {
            "name": "Norway",
            "iso": "NO"
        },
        {
            "name": "Palestinian Territories",
            "iso": "PS"
        },
        {
            "name": "Panama",
            "iso": "PA"
        },
        {
            "name": "Papua New Guinea",
            "iso": "PG"
        },
        {
            "name": "Paraguay",
            "iso": "PY"
        },
        {
            "name": "Peru",
            "iso": "PE"
        },
        {
            "name": "Philippines",
            "iso": "PH"
        },
        {
            "name": "Poland",
            "iso": "PL"
        },
        {
            "name": "Portugal",
            "iso": "PT"
        },
        {
            "name": "Puerto Rico",
            "iso": "PR"
        },
        {
            "name": "Qatar",
            "iso": "QA"
        },
        {
            "name": "Reunion",
            "iso": "RE"
        },
        {
            "name": "Romania",
            "iso": "RO"
        },
        {
            "name": "Russia",
            "iso": "RU"
        },
        {
            "name": "Saint Lucia",
            "iso": "LC"
        },
        {
            "name": "San Marino",
            "iso": "SM"
        },
        {
            "name": "Saudi Arabia",
            "iso": "SA"
        },
        {
            "name": "Serbia",
            "iso": "RS"
        },
        {
            "name": "Singapore",
            "iso": "SG"
        },
        {
            "name": "Slovakia",
            "iso": "SK"
        },
        {
            "name": "Slovenia",
            "iso": "SI"
        },
        {
            "name": "Solomon Islands",
            "iso": "SB"
        },
        {
            "name": "South Korea",
            "iso": "KR"
        },
        {
            "name": "Spain",
            "iso": "ES"
        },
        {
            "name": "St. Maarten",
            "iso": "SX"
        },
        {
            "name": "St. Pierre and Miquelon",
            "iso": "PM"
        },
        {
            "name": "St. Vincent and the Grenadines",
            "iso": "VC"
        },
        {
            "name": "Sudan",
            "iso": "SD"
        },
        {
            "name": "Sweden",
            "iso": "SE"
        },
        {
            "name": "Switzerland",
            "iso": "CH"
        },
        {
            "name": "Syria",
            "iso": "SY"
        },
        {
            "name": "Taiwan",
            "iso": "TW"
        },
        {
            "name": "Tajikistan",
            "iso": "TJ"
        },
        {
            "name": "Thailand",
            "iso": "TH"
        },
        {
            "name": "Tonga",
            "iso": "TO"
        },
        {
            "name": "Trinidad and Tobago",
            "iso": "TT"
        },
        {
            "name": "Tunisia",
            "iso": "TN"
        },
        {
            "name": "Turkey",
            "iso": "TR"
        },
        {
            "name": "Turkmenistan",
            "iso": "TM"
        },
        {
            "name": "Turks and Caicos Islands",
            "iso": "TC"
        },
        {
            "name": "Ukraine",
            "iso": "UA"
        },
        {
            "name": "United Kingdom",
            "iso": "GB"
        },
        {
            "name": "United States of America",
            "iso": "US"
        },
        {
            "name": "Uruguay",
            "iso": "UY"
        },
        {
            "name": "US Virgin Islands",
            "iso": "VI"
        },
        {
            "name": "Vatican City",
            "iso": "VA"
        },
        {
            "name": "Venezuela",
            "iso": "VE"
        },
        {
            "name": "Wallis and Futuna",
            "iso": "WF"
        },
        {
            "name": "Yemen",
            "iso": "YE"
        }

    ]

  }
}
